ANY_FUEL_TYPE,ASSET_TYPE,FUNDING,CLASS_CLASS_BENCH,CLASS_CLASS_MAINT,CLASS_MAINT_DESC,CLASS_CLASS_METER,CLASS_METER_DESC,CLASS_CLASS_PM,CLASS_PM_DESC,CLASS_CLASS_RENTAL,CLASS_RENTAL_DESC,CLASS_CLASS_SHOP_SCH,CLASS_SHOP_DESC,CLASS_CLASS_STDS,CLASS_STDS_DESC,COLOR,DELIVERY_DATE,DEPRECIATION_METHOD,DEPREC_MONTHS_LIFE,DEPR_CUR_DECLINE_BAL,DEPR_MTHS_REMAINING,DEPT_DEPT_CODE,DEPARTMENT_NAME,DESCRIPTION,EQ_EQUIP_NO,EST_METER_AT_REPLACE,EST_REPLACE_COST,EST_REPLACE_MO,EST_REPLACE_YR,HAS_TACHOGRAPH,IN_SERVICE_DATE,LAST_FUEL_DATE,LAST_METER_1_DATE,LAST_METER_1_READING,LAST_METER_SOURCE,LAST_PM_METER_1,LAST_PM_SCHED_DATE,LAST_PM_START_DATE,LAST_PM_START_METER_1,LOC_ASSIGN_PM_LOC,LOC_ASSIGN_PM_LOC_NAME,LOC_ASSIGN_REPR_LOC,LOC_ASSIGN_REPR_LOC_NAME,LOC_LAST_FUEL_LOC,LOC_LAST_FUEL_LOC_NAME,MANUFACTURER,METER_1_AT_DELIVERY,METER_1_TYPE,MODEL,NEXT_PM_SCHED_DATE,OFF_ROAD_USE,ORIGINAL_COST,OWN_LEASE_CUSTOMER,PRI_SHOP_PRIORITY,QTY_OPEN_WORK_ORDERS,RETIRE_DATE,SALE_DATE,SALE_PRICE,SALVAGE_VALUE,STATUS_CODES,YEAR,CAB_AXLE_LEN,CAPY_COOLING_SYSTEM,CAPY_COOLING_UNIT,CAPY_DIFFERENTIAL,CAPY_DIFF_UNIT,CAPY_FUEL,CAPY_FUEL_UNIT,CAPY_OIL,CAPY_OIL_UNIT,CAPY_TRANSFER_CASE,CAPY_TRANSMISSION,CAPY_TRANS_UNIT,CAPY_TRF_CASE_UNIT,QTY_AXLES,WEIGHT_GROSS,WHEELBASE,BC_SPEC_DATETIME,EMG_CLASS_ID,TAKE_HOME_ASSET
N,ASSET,,ATV/UTILITY CART,162-0600,,162-0600,,162-0600,,162-0600,,162-0600,,162-0600,,GREEN,,STRAIGHT LINE,84,0,84,0200,PARK DEPARTMENT,JOHN DEERE GATOR HPX615E,22811,"2,500","34,922.87",10,"2,029",N,,,10/31/2022 12:00:00 AM,0,EQUIPMENT MASTER,0,,,0,4120,HEAVY DUTY SHOP,4120,HEAVY DUTY SHOP,,,JOHN DEERE,0,HOURS,GATOR HPX,,N,0,OWNED,3,0,,,0,500,OO,"2,022",,,,,,,,,,,,,,,,,,,
N,ASSET,,RENTAL/LEASE/FUEL CUSTOMER,490-0300,,490-0300,,490-0300,,490-0300,,490-0300,,490-0300,,WHITE,,STRAIGHT LINE,0,0,0,0272,FIRE DEPARTMENT SUPPORT,2021 FORD VAN,1032380,0,0,0,0,N,,07/06/2021 12:00:00 AM,05/11/2021 12:00:00 AM,0,EQUIPMENT MASTER,0,,,0,4101,LIGHT CAR SHOP,4101,LIGHT CAR SHOP,0004,MSD GEST STREET,FORD,"7,504",MILES,VAN,,N,0,OWNED,3,0,,,0,0,A,"2,021",,,,,,,,,,,,,,,,,,,
N,ASSET,,RENTAL/LEASE/FUEL CUSTOMER,490-0300,,490-0300,,490-0300,,490-0300,,490-0300,,490-0300,,WHITE,,STRAIGHT LINE,0,0,0,0272,FIRE DEPARTMENT SUPPORT,2021 FORD VAN,1032374,0,0,0,0,N,,07/29/2021 12:00:00 AM,05/11/2021 12:00:00 AM,0,EQUIPMENT MASTER,0,,,0,4101,LIGHT CAR SHOP,4101,LIGHT CAR SHOP,0004,MSD GEST STREET,FORD,"8,432",MILES,VAN,,N,0,OWNED,3,0,,,0,0,A,"2,021",,,,,,,,,,,,,,,,,,,
N,ASSET,,DUMP TRUCK MED/LARGE,035-0400,,035-0400,,035-0400,,035-0400,,035-0400,,035-0400,,,,STRAIGHT LINE,120,0,120,0300,WATER WORKS,2020 FREIGHTLINER M2-106,00911,"100,000","103,821.57",6,"2,029",N,,,12/31/2018 12:00:00 AM,0,EQUIPMENT MASTER,0,,,0,3001,WATER WORKS/PROPANE,3001,WATER WORKS/PROPANE,,,FREIGHTLINER,0,MILES,M2-106,06/30/2019 12:00:00 AM,N,"77,253",OWNED,3,0,,,0,"5,000",OO,"2,020",,,,,,,,,,,,,,,,,,,
N,ASSET,,DUMP TRUCK MED/LARGE,035-0400,,035-0400,,035-0400,,035-0400,,035-0400,,035-0400,,,,STRAIGHT LINE,120,0,120,0300,WATER WORKS,2020 FREIGHTLINER M2-106,00910,"100,000","103,821.57",6,"2,029",N,,,12/31/2018 12:00:00 AM,0,EQUIPMENT MASTER,0,,,0,3001,WATER WORKS/PROPANE,3001,WATER WORKS/PROPANE,,,FREIGHTLINER,0,MILES,M2-106,06/30/2019 12:00:00 AM,N,"77,253",OWNED,3,0,,,0,"5,000",OO,"2,020",,,,,,,,,,,,,,,,,,,
N,ASSET,,LOADERS,493-0300,,493-0300,,493-0300,,493-0300,,493-0300,,493-0300,,,,STRAIGHT LINE,0,0,0,0252,TRAFFIC AND ROAD DIV,CASE WHEEL LOADER,DE232821,0,0,,,N,,,12/21/2018 12:00:00 AM,0,EQUIPMENT MASTER,0,,,0,2302,NEW HIGHWAY,2302,NEW HIGHWAY,,,CASE,0,HOURS,721F,,N,0,OWNED,3,0,,02/27/2019 12:00:00 AM,0,0,DE,"2,015",,,,,,,,,,,,,,,,,,,
N,ASSET,,VANS - PASSENGER,490-0300,,490-0300,,490-0300,,490-0300,,490-0300,,490-0300,,WHITE,,STRAIGHT LINE,0,0,0,0253,NEIGHBORHOOD OPERATIONS,2018 FORD TRANSIT 15 PASSENGER VAN,DE1004172,0,0,0,0,N,,,10/18/2018 12:00:00 AM,0,EQUIPMENT MASTER,0,,,0,4101,LIGHT CAR SHOP,4101,LIGHT CAR SHOP,,,FORD,0,MILES,TRANSIT,12/13/2018 12:00:00 AM,N,0,OWNED,3,0,,05/18/2021 12:00:00 AM,0,0,DE,"2,018",,,,,,,,,,,,,,,,,,,
N,ASSET,,VANS - PASSENGER,490-0300,,490-0300,,490-0300,,490-0300,,490-0300,,490-0300,,WHITE,,STRAIGHT LINE,0,0,0,0253,NEIGHBORHOOD OPERATIONS,2018 FORD TRANSIT 15 PASSENGER VAN,DE1004189,0,0,,,N,,,06/13/2018 12:00:00 AM,0,EQUIPMENT MASTER,0,,,0,4101,LIGHT CAR SHOP,4101,LIGHT CAR SHOP,,,FORD,"8,993",MILES,TRANSIT,12/13/2018 12:00:00 AM,N,0,OWNED,3,0,,05/18/2021 12:00:00 AM,0,0,DE,"2,018",,,,,,,,,,,,,,,,,,,
N,ASSET,,SEDANS - GENERAL,488-0000,,905-0000,,488-0000,,488-0000,,488-0000,,488-0000,,RED,,STRAIGHT LINE,0,0,0,0222,POLICE,LEXUS LS460,07175,0,0,,,N,,12/08/2022 12:00:00 AM,12/08/2022 12:00:00 AM,"152,344",FUEL TICKET,"151,313",07/14/2022 12:00:00 AM,09/13/2022 12:00:00 AM,"151,313",2203,POLICE DISTRICT 3,2203,POLICE DISTRICT 3,0017,DUNHAM RECREATION,LEXUS,"136,691",MILES,LS460,03/13/2023 12:00:00 AM,N,0,OWNED,3,0,,,0,0,A,"2,007",,,,,,,,,,,,,,,,,,,
N,ASSET,,TRAILERS - OTHER,433-0000,,433-0000,,433-0000,,433-0000,,06KENTSFVCSC,,433-0000,,,,STRAIGHT LINE,120,0,120,0271,FIRE DEPARTMENT RESPONSE,2006 KENTUCKY SFVCSC TRAILER,67482,0,0,4,"2,025",N,,,04/29/2015 12:00:00 AM,1,WORK ORDER,0,,,0,4110,SPECIALIZED EQUIPMENT,4110,SPECIALIZED EQUIPMENT,,,KENTUCKY,0,HUBOMETER,SFVCSC,,N,0,OWNED,3,0,,,0,"4,000",DO,"2,006",,,,,,,,,,,,,,,,,,,
N,ASSET,,TRAILERS - OTHER,433-0000,,433-0000,,433-0000,,433-0000,,06KENTSFVCSC,,433-0000,,,,STRAIGHT LINE,120,0,120,0271,FIRE DEPARTMENT RESPONSE,2006 KENTUCKY SFVCSC TRAILER,67481,0,0,4,"2,025",N,,,04/29/2015 12:00:00 AM,1,WORK ORDER,0,,,0,4110,SPECIALIZED EQUIPMENT,4110,SPECIALIZED EQUIPMENT,,,KENTUCKY,0,HUBOMETER,SFVCSC,,N,0,OWNED,3,0,,,0,"4,000",DO,"2,006",,,,,,,,,,,,,,,,,,,
N,ASSET,,MISCELLANEOUS EQ/MACHINERY,263-0100,,263-0100,,263-0100,,263-0100,,16THER250,,263-0100,,ALUMINUM,,STRAIGHT LINE,60,0,60,0252,TRAFFIC AND ROAD DIV,2016 THERMOMARK 250 STRIPING MACHINE,64590,0,"10,137.85",7,"2,021",N,,,06/29/2016 12:00:00 AM,0,EQUIPMENT MASTER,0,,,0,2302,NEW HIGHWAY,2302,NEW HIGHWAY,,,TITAN,0,NONE,THERMOMARK 250,,N,"8,880",OWNED,3,0,,,0,450,A,"2,016",,,,,,,,,,,,,,,,,,,
N,ASSET,,SNOW BROOM/TRUCK AVIATION,108-0100,,108-0100,,108-0100,,108-0100,,97OSHKHB2518,,108-0100,,YELLOW,,STRAIGHT LINE,120,0,120,0234,AVIATION,1997 OSHKOSH HB-2518 SNOW BROOM,71880,"100,000","53,790.25",7,"2,027",N,,10/12/2022 12:00:00 AM,10/12/2022 12:00:00 AM,888,FUEL TICKET,0,,,0,4110,SPECIALIZED EQUIPMENT,4110,SPECIALIZED EQUIPMENT,0003,FS AIRPORT ROAD,OSHKOSH,"13,040",MILES,HB-2518,,N,"40,025",OWNED,3,0,,,0,"4,000",A,"1,997",,,,,,,,,,,,,,,,,,,
N,ASSET,,IMPOUND/VEHICLES,,,,,,,,,,,,,,,STRAIGHT LINE,72,0,72,0222,,,DE68931A,"200,000",0,12,"2,020",N,,12/02/2018 12:00:00 AM,12/20/2018 12:00:00 AM,"169,442",WORK ORDER,"166,606",09/22/2018 12:00:00 AM,08/28/2018 12:00:00 AM,"166,606",,,,,0004,MSD GEST STREET,,"139,236",MILES,,02/28/2019 12:00:00 AM,N,0,OWNED,3,0,02/14/2019 12:00:00 AM,02/14/2019 12:00:00 AM,0,0,DE,"2,006",,,,,,,,,,,,,,,,,,,
N,ASSET,,IMPOUND/VEHICLES,,,,,,,,,,,,,,,STRAIGHT LINE,72,0,72,0222,,,S48928,"100,000",0,4,"2,019",N,,12/21/2013 12:00:00 AM,01/09/2014 12:00:00 AM,"101,037",WORK ORDER,"89,000",,,"89,000",,,,,0004,MSD GEST STREET,,"89,000",MILES,,,N,0,OWNED,3,0,,04/02/2014 12:00:00 AM,0,0,DE,"2,004",,,,,,,,,,,,,,,,,,,
N,COMPONENT,,,497-0000,,497-0000,,497-0000,,497-0000,,13STIHQSTHT131,,497-0000,,,,STRAIGHT LINE,84,0,84,0253,NEIGHBORHOOD OPERATIONS,2013 STIHL QSTHT131 PRO EXTEND POLE SAW,D36461,0,599.51,4,"2,020",N,,,04/02/2013 12:00:00 AM,0,EQUIPMENT MASTER,0,,,0,4110,SPECIALIZED EQUIPMENT,4110,SPECIALIZED EQUIPMENT,,,STIHL,0,NONE,QSTHT131,,N,487.46,OWNED,3,0,,,0,50,DE,"2,013",,,,,,,,,,,,,,,,,,,
N,COMPONENT,,,497-0000,,497-0000,,497-0000,,497-0000,,13STIHQSTHT131,,497-0000,,,,STRAIGHT LINE,84,0,84,0253,NEIGHBORHOOD OPERATIONS,2013 STIHL QSTHT131 PRO EXTEND POLE SAW,D36460,0,599.51,4,"2,020",N,,,04/02/2013 12:00:00 AM,0,EQUIPMENT MASTER,0,,,0,4110,SPECIALIZED EQUIPMENT,4110,SPECIALIZED EQUIPMENT,,,STIHL,0,NONE,QSTHT131,,N,487.46,OWNED,3,0,,,0,50,DE,"2,013",,,,,,,,,,,,,,,,,,,
N,ASSET,,IMPOUND/VEHICLES,,,,,,,,,,,,,,,STRAIGHT LINE,0,0,0,0222,,,DE08933,0,0,0,0,N,,12/05/2013 12:00:00 AM,11/28/2012 12:00:00 AM,0,EQUIPMENT MASTER,0,,,0,,,,,0002,WATER WORKS,,"156,900",MILES,,04/28/2012 12:00:00 AM,N,0,OWNED,3,0,08/07/2014 12:00:00 AM,08/07/2014 12:00:00 AM,0,0,DE,"2,000",,,,,,,,,,,,,,,,,,,
N,ASSET,,MISCELLANEOUS EQ/MACHINERY,TEST,,TEST,,TEST,,TEST,,TEST,,TEST,,,,STRAIGHT LINE,0,0,0,2441,FLEET SERVICES,ADD,ADD,0,0,,,N,,,11/20/2012 12:00:00 AM,0,EQUIPMENT MASTER,0,,,0,4101,LIGHT CAR SHOP,4101,LIGHT CAR SHOP,,,ADD,0,MILES,ADD,05/20/2013 12:00:00 AM,N,0,OWNED,1,0,,,0,0,SO,"2,012",,,,,,,,,,,,,,,,,,,
N,ASSET,,RENTAL/LEASE/FUEL CUSTOMER,888-0000,,888-0000,,888-0000,,888-0000,,888-0000,,888-0000,,,,STRAIGHT LINE,0,0,0,5000,UNIV OF CINCINNATI,2010 INTERNATIONAL FE COMM,80170,0,0,,,N,,,10/10/2012 12:00:00 AM,0,EQUIPMENT MASTER,0,,,0,9001,OUTSIDE AGENCY REPAIR,9001,OUTSIDE AGENCY REPAIR,,,INTERNATIONAL,0,MILES,FE COMM,04/10/2013 12:00:00 AM,N,0,OWNED,3,0,,,0,0,A,"2,010",,,,,,,,,,,,,,,,,,,
N,ASSET,,VANS/VARIOUS TYPE,005-0600,,005-0600,,005-0600,,005-0600,,14DODGCARAVAN,,005-0600,,WHITE,,STRAIGHT LINE,84,0,84,0260,HEALTH,2014 DODGE CARAVAN,DE60648,"100,000","25,510.04",9,"2,020",N,,,09/05/2013 12:00:00 AM,0,EQUIPMENT MASTER,0,,,0,4101,LIGHT CAR SHOP,4101,LIGHT CAR SHOP,,,DODGE,0,MILES,CARAVAN,,N,"20,742",OWNED,3,0,,09/05/2013 12:00:00 AM,0,"2,000",DE,"2,014",,,,,,,,,,,,,,,,,,,
N,ASSET,,IMPOUND/VEHICLES,,,,,,,,,,,,,,,STRAIGHT LINE,72,0,72,0222,,,68932,"100,000",0,7,"2,019",N,,12/11/2022 12:00:00 AM,11/30/2022 12:00:00 AM,"98,671",FUEL TICKET,"97,300",11/30/2022 12:00:00 AM,09/08/2022 12:00:00 AM,"97,300",,,,,0004,MSD GEST STREET,,"32,468",MILES,,03/08/2023 12:00:00 AM,N,0,OWNED,3,0,,,0,0,A,"2,006",,,,,,,,,,,,,,,,,,,
N,COMPONENT,,,478-0000,,478-0000,,478-0000,,478-0000,,478-0000,,478-0000,,,,STRAIGHT LINE,120,0,120,0271,FIRE DEPARTMENT RESPONSE,2011 EVINRUDE JOHNSON E30DR MOTOR,18500,0,0,10,"2,021",N,,,10/25/2011 12:00:00 AM,0,EQUIPMENT MASTER,0,07/09/2021 12:00:00 AM,08/05/2022 12:00:00 AM,0,4110,SPECIALIZED EQUIPMENT,4110,SPECIALIZED EQUIPMENT,,,EVINRUDE,0,HOURS,E30DR,08/05/2023 12:00:00 AM,N,"5,073.4",OWNED,3,0,,,0,300,A,"2,011",,,,,,,,,,,,,,,,,,,
N,COMPONENT,,,162-0600,,162-0600,,162-0600,,162-0600,,162-0600,,162-0600,,,,STRAIGHT LINE,84,0,84,0400,M.S.D.,09 KUBOTA RTV900 UTILITY VEHICLE,D92812,0,0,1,"2,017",N,,,01/07/2010 12:00:00 AM,0,EQUIPMENT MASTER,0,,,0,3902,MSD-GALBRAITH,3902,MSD-GALBRAITH,,,KUBOTA,0,HOURS,RTV900W6HA,01/07/2010 12:00:00 AM,N,"226,406",OWNED,3,0,,,0,500,DE,"2,009",,,,,,,,,,,,,,,,,,,
N,COMPONENT,,,999-0000,,999-0000,,999-0000,,999-0000,,999-0000,,999-0000,,,,STRAIGHT LINE,0,0,0,0167,NEW CONST & BLDG,MISC SERVICE,X0167,0,0,,,N,,,09/28/2011 12:00:00 AM,0,EQUIPMENT MASTER,0,,,0,4104,LUBRITORIUM,4104,LUBRITORIUM,,,UNKNOWN,0,MILES,N/A,,N,0,OWNED,1,0,,,0,0,,"1,992",,,,,,,,,,,,,,,,,,,
N,COMPONENT,,,433-0400,,433-0400,,433-0400,,433-0400,,433-0400,,433-0400,,,,STRAIGHT LINE,120,0,120,0222,POLICE,2011 MIFRAM LTD MODULAR VEHICILE BARRIER,D17460,0,0,8,"2,021",N,,,08/05/2011 12:00:00 AM,0,EQUIPMENT MASTER,0,,,0,4110,SPECIALIZED EQUIPMENT,4110,SPECIALIZED EQUIPMENT,,,MIFRAM LTD,0,HUBOMETER,MVB TRAILER,,N,"56,750",OWNED,3,0,,,0,"4,000",DE,"2,011",,,,,,,,,,,,,,,,,,,
N,COMPONENT,,,433-0400,,433-0400,,433-0400,,433-0400,,433-0400,,433-0400,,,,STRAIGHT LINE,120,0,120,0222,POLICE,2011 MIFRAM LTD MODULAR VEHICILE BARRIER,D17459,0,0,8,"2,021",N,,,08/05/2011 12:00:00 AM,0,EQUIPMENT MASTER,0,,,0,4110,SPECIALIZED EQUIPMENT,4110,SPECIALIZED EQUIPMENT,,,MIFRAM LTD,0,HUBOMETER,MVB TRAILER,,N,"56,750",OWNED,3,0,,,0,"4,000",DE,"2,011",,,,,,,,,,,,,,,,,,,
N,COMPONENT,,,349-0000,,349-0000,,349-0000,,349-0000,,349-0000,,349-0000,,,,STRAIGHT LINE,120,0,120,0300,WATER WORKS,2011 JOHN DEERE 310SJ BACKHOE,D15831,0,0,8,"2,021",N,,,07/20/2011 12:00:00 AM,0,EQUIPMENT MASTER,0,,,0,4110,SPECIALIZED EQUIPMENT,4110,SPECIALIZED EQUIPMENT,,,JOHN DEERE,0,HOURS,310SJ,,N,"83,400",OWNED,3,0,,,0,"20,000",DE,"2,011",,,,,,,,,,,,,,,,,,,
N,COMPONENT,,,005-0600,,005-0600,,005-0600,,005-0600,,005-0600,,005-0600,,,,STRAIGHT LINE,84,0,84,0260,HEALTH,2010 DODGE CARAVAN 7 PASSENGER,D00648,0,0,10,"2,016",N,,,10/21/2009 12:00:00 AM,210,WORK ORDER,0,,,0,4101,LIGHT CAR SHOP,4101,LIGHT CAR SHOP,,,DODGE,0,MILES,CARAVAN,10/21/2009 12:00:00 AM,N,"20,244",OWNED,3,0,,,0,"2,000",DE,"2,010",,,,,,,,,,,,,,,,,,,
N,COMPONENT,,,005-0600,,005-0600,,005-0600,,005-0600,,005-0600,,005-0600,,,,STRAIGHT LINE,84,0,84,0260,HEALTH,2010 DODGE CARAVAN 7 PASSENGER,D00647,0,0,10,"2,016",N,,,10/21/2009 12:00:00 AM,210,WORK ORDER,0,,,0,4101,LIGHT CAR SHOP,4101,LIGHT CAR SHOP,,,DODGE,0,MILES,CARAVAN,10/21/2009 12:00:00 AM,N,"20,244",OWNED,3,0,,,0,"2,000",DE,"2,010",,,,,,,,,,,,,,,,,,,
N,ASSET,,STATIONARY GENERATORS,486-0000,,486-0000,,486-0000,,486-0000,,486-0000,,486-0000,,,,STRAIGHT LINE,0,0,0,0091,ETS,ONAN GENERATOR FORT THOMAS,98851,0,0,,,N,,,10/27/2021 12:00:00 AM,674,WORK ORDER,674,10/09/2021 12:00:00 AM,03/31/2022 12:00:00 AM,674,4110,SPECIALIZED EQUIPMENT,4110,SPECIALIZED EQUIPMENT,,,ONAN,0,HOURS,GGHH5701563E,03/31/2023 12:00:00 AM,N,0,OWNED,3,0,,,0,0,A,"2,000",,,,,,,,,,,,,,,,,,,
N,ASSET,,VANS/VARIOUS TYPE,009-0400,,009-0400,,009-0400,,009-0400,,009-0400,,009-0400,,,,STRAIGHT LINE,84,0,84,0190,RECREATION,2010 CHEVROLET EXPRESS CARGO VAN,D00838,0,0,10,"2,016",N,,,10/05/2009 12:00:00 AM,0,EQUIPMENT MASTER,0,,,0,4101,LIGHT CAR SHOP,4101,LIGHT CAR SHOP,,,CHEVROLET,0,MILES,EXPRESS,,N,"15,832",OWNED,3,0,,,0,"2,000",DE,"2,010",,,,,,,,,,,,,,,,,,,
N,COMPONENT,,,148-0000,,148-0000,,148-0000,,148-0000,,148-0000,,148-0000,,,,STRAIGHT LINE,120,0,120,0300,WATER WORKS,1998 HYSTER J30XMT,D82674,0,0,9,"2,019",N,,,09/22/2009 12:00:00 AM,0,EQUIPMENT MASTER,0,,,0,3001,WATER WORKS/PROPANE,3001,WATER WORKS/PROPANE,,,HYSTER,0,HOURS,J30XMT,,N,"9,900",OWNED,3,0,,,0,"1,000",DE,"1,998",,,,,,,,,,,,,,,,,,,
N,COMPONENT,,,156-0000,,156-0000,,156-0000,,156-0000,,156-0000,,156-0000,,,,STRAIGHT LINE,84,0,84,0253,NEIGHBORHOOD OPERATIONS,2009 MASSEY FERGUSON MF5465,D92750,0,0,8,"2,016",N,,,08/11/2009 12:00:00 AM,0,EQUIPMENT MASTER,0,,,0,4110,SPECIALIZED EQUIPMENT,4110,SPECIALIZED EQUIPMENT,,,MASSEY FERGUSON,0,HOURS,MF5465,,N,"93,981.76",OWNED,3,0,,,0,"1,600",DE,"2,009",,,,,,,,,,,,,,,,,,,
N,ASSET,,SUV/SUBURBAN/EXPLORER,005-0900,,005-0900,,005-0900,,005-0900,,005-0900,,005-0900,,WHITE,,STRAIGHT LINE,84,0,84,0260,HEALTH,2009 JEEP GRAND CHEROKEE,D90689,0,0,7,"2,016",N,,,07/28/2009 12:00:00 AM,0,EQUIPMENT MASTER,0,,,0,4101,LIGHT CAR SHOP,4101,LIGHT CAR SHOP,,,JEEP,0,MILES,GRAND CHEROKEE,,N,"20,444",OWNED,3,0,,,0,"5,000",DE,"2,009",,,,,,,,,,,,,,,,,,,
N,COMPONENT,,,234-0100,,234-0100,,234-0100,,234-0100,,234-0100,,234-0100,,,,STRAIGHT LINE,120,0,60,0271,FIRE DEPARTMENT RESPONSE,2005 STANLEY GT-18H02  HYDRAULIC UNIT,53871,0,"2,500",3,"2,015",N,,,12/07/2022 12:00:00 AM,184,WORK ORDER,184,03/04/2012 12:00:00 AM,12/09/2022 12:00:00 AM,184,4110,SPECIALIZED EQUIPMENT,4110,SPECIALIZED EQUIPMENT,,,STANLEY,0,HOURS,GT-18H02,12/09/2023 12:00:00 AM,N,0,OWNED,3,0,,,0,"1,000",A,"2,005",,,,,,,,,,,,,,,,,,,
N,ASSET,,PICKUP/TRUCK,009-0120,,009-0120,,009-0120,,009-0120,,009-0120,,009-0120,,,,STRAIGHT LINE,84,0,84,0252,TRAFFIC AND ROAD DIV,2009 FORD F250 CREW CAB 4 WD,D90809,0,0,7,"2,016",N,,,07/16/2009 12:00:00 AM,0,EQUIPMENT MASTER,0,,,0,4101,LIGHT CAR SHOP,4101,LIGHT CAR SHOP,,,FORD,0,MILES,F250,,N,"29,233",OWNED,3,0,,,0,"2,500",DE,"2,009",,,,,,,,,,,,,,,,,,,
N,ASSET,,UTILITY/WORK TRUCK,018-0200,,018-0200,,018-0200,,018-0200,,018-0200,,018-0200,,,,STRAIGHT LINE,120,0,120,0400,M.S.D.,2011FORDF550 W/ 2010KNAPHEIDE CRANE UTIL,DE10910,0,0,6,"2,020",N,,,06/29/2010 12:00:00 AM,0,EQUIPMENT MASTER,0,,,0,3902,MSD-GALBRAITH,3902,MSD-GALBRAITH,,,FORD,0,MILES,F550,,N,"85,568",OWNED,3,0,,,0,"4,000",DE,"2,011",,,,,,,,,,,,,,,,,,,
N,COMPONENT,,,018-0200,,018-0200,,018-0200,,018-0200,,018-0200,,018-0200,,,,STRAIGHT LINE,120,0,120,0400,M.S.D.,2011 FORDF550 W/ KNAPHEIDE CRANE UTILITY,D10910,0,0,6,"2,020",N,,,06/29/2010 12:00:00 AM,0,EQUIPMENT MASTER,0,,,0,3902,MSD-GALBRAITH,3902,MSD-GALBRAITH,,,FORD,0,MILES,F550,,N,"85,568",OWNED,3,0,,,0,"4,000",DE,"2,011",,,,,,,,,,,,,,,,,,,
N,ASSET,,RENTAL/LEASE/FUEL CUSTOMER,888-0000,,888-0000,,888-0000,,888-0000,,888-0000,,888-0000,,,,STRAIGHT LINE,0,0,0,5200,CINCINNATI STATE,2010 FORD F250 XL 4 X 4,5020790,0,0,,,N,,12/22/2022 12:00:00 AM,12/22/2022 12:00:00 AM,"25,241",FUEL TICKET,0,,,0,9001,OUTSIDE AGENCY REPAIR,9001,OUTSIDE AGENCY REPAIR,0002,WATER WORKS,FORD,"2,446",MILES,F250,,N,0,OWNED,3,0,,,0,0,A,"2,010",,,,,,,,,,,,,,,,,,,
N,ASSET,,PICKUP/TRUCK,009-0000,,009-0000,,009-0000,,009-0000,,009-0000,,009-0000,,,,STRAIGHT LINE,84,0,84,0300,WATER WORKS,2010 FORD F250 PICK UP,D00853,0,0,4,"2,017",N,,,04/29/2010 12:00:00 AM,0,EQUIPMENT MASTER,0,,,0,3001,WATER WORKS/PROPANE,3001,WATER WORKS/PROPANE,,,FORD,0,MILES,F250,,N,"18,216",OWNED,3,0,,,0,"2,000",DE,"2,010",,,,,,,,,,,,,,,,,,,
N,ASSET,,PICKUP/TRUCK,009-0000,,009-0000,,009-0000,,009-0000,,009-0000,,009-0000,,,,STRAIGHT LINE,84,0,84,0300,WATER WORKS,2010 FORD F250 PICK UP,D00852,0,0,4,"2,017",N,,,04/29/2010 12:00:00 AM,0,EQUIPMENT MASTER,0,,,0,3001,WATER WORKS/PROPANE,3001,WATER WORKS/PROPANE,,,FORD,0,MILES,F250,,N,"18,216",OWNED,3,0,,,0,"2,000",DE,"2,010",,,,,,,,,,,,,,,,,,,
N,ASSET,,PICKUP/TRUCK,009-0000,,009-0000,,009-0000,,009-0000,,009-0000,,009-0000,,,,STRAIGHT LINE,84,0,84,0300,WATER WORKS,2010 FORD F250 PICK UP,D00851,0,0,4,"2,017",N,,,04/29/2010 12:00:00 AM,0,EQUIPMENT MASTER,0,,,0,3001,WATER WORKS/PROPANE,3001,WATER WORKS/PROPANE,,,FORD,0,MILES,F250,,N,"18,216",OWNED,3,0,,,0,"2,000",DE,"2,010",,,,,,,,,,,,,,,,,,,
N,ASSET,,PICKUP/TRUCK,009-0000,,009-0000,,009-0000,,009-0000,,009-0000,,009-0000,,,,STRAIGHT LINE,84,0,84,0300,WATER WORKS,2010 FORD F250 PICK UP,D00846,0,0,4,"2,017",N,,,04/29/2010 12:00:00 AM,0,EQUIPMENT MASTER,0,,,0,3001,WATER WORKS/PROPANE,3001,WATER WORKS/PROPANE,,,FORD,0,MILES,F250,,N,"18,405",OWNED,3,0,,,0,"2,000",DE,"2,010",,,,,,,,,,,,,,,,,,,
N,ASSET,,RENTAL/LEASE/FUEL CUSTOMER,888-0000,,888-0000,,888-0000,,888-0000,,888-0000,,888-0000,,,,STRAIGHT LINE,0,0,0,5000,UNIV OF CINCINNATI,FORD F250 TRUCK,80532,0,0,,,N,,08/13/2014 12:00:00 AM,07/16/2013 12:00:00 AM,"1,802",FUEL TICKET,0,,,0,9001,OUTSIDE AGENCY REPAIR,9001,OUTSIDE AGENCY REPAIR,0002,WATER WORKS,FORD,0,MILES,F250,,N,0,OWNED,3,0,,,0,0,A,"2,012",,,,,,,,,,,,,,,,,,,
N,COMPONENT,,,409-0000,,409-0000,,409-0000,,409-0000,,409-0000,,409-0000,,,,STRAIGHT LINE,36,0,36,0190,RECREATION,2011 STIHL FS110R TRIIMMER,DE1652,0,0,12,"2,014",N,,,12/28/2011 12:00:00 AM,0,EQUIPMENT MASTER,0,,,0,4110,SPECIALIZED EQUIPMENT,4110,SPECIALIZED EQUIPMENT,,,STIHL,0,NONE,FS110R,,N,277.46,OWNED,3,0,,01/02/2012 12:00:00 AM,0,30,DE,"2,011",,,,,,,,,,,,,,,,,,,
N,COMPONENT,,,409-0000,,409-0000,,409-0000,,409-0000,,409-0000,,409-0000,,,,STRAIGHT LINE,36,0,36,0190,RECREATION,2011 STIHL FS110R TRIIMMER,DE1646,0,0,12,"2,014",N,,,12/28/2011 12:00:00 AM,0,EQUIPMENT MASTER,0,,,0,4110,SPECIALIZED EQUIPMENT,4110,SPECIALIZED EQUIPMENT,,,STIHL,0,NONE,FS110R,,N,277.46,OWNED,3,0,,01/02/2012 12:00:00 AM,0,30,DE,"2,011",,,,,,,,,,,,,,,,,,,
N,ASSET,,FLATBED/STAKEBODY/LANDSCAPE TR,014-0350,,014-0350,,014-0350,,014-0350,,014-0350,,014-0350,,WHITE,,STRAIGHT LINE,0,0,0,6800,CMHA HOUSING AUTHORITY,1995.5 GMC W4 FOWARD,D680115,0,0,,,N,,,01/14/2009 12:00:00 AM,"60,371",WORK ORDER,"60,371",01/12/2009 12:00:00 AM,01/14/2009 12:00:00 AM,"60,371",4101,LIGHT CAR SHOP,4101,LIGHT CAR SHOP,,,GMC,"60,371",MILES,W4,07/14/2009 12:00:00 AM,N,0,OWNED,3,0,02/28/2013 12:00:00 AM,,0,0,DE,"1,995",,,,,,,,,,,,,,,,,,,
N,ASSET,,AMBULANCE,065-0000,,065-0000,,065-0000,,065-0000,,065-0000,,065-0000,,,,STRAIGHT LINE,0,0,0,5200,CINCINNATI STATE,FORD E350 AMBULANCE,5200150,"150,000",0,,,N,,10/03/2022 12:00:00 AM,10/15/2015 12:00:00 AM,"72,397",FUEL TICKET,0,,,0,9001,OUTSIDE AGENCY REPAIR,9001,OUTSIDE AGENCY REPAIR,0002,WATER WORKS,FORD,"68,660",MILES,E350,,N,0,OWNED,3,0,,,0,0,A,"1,990",,,,,,,,,,,,,,,,,,,
N,ASSET,,SUV/SUBURBAN/EXPLORER,006-0900,,006-0900,,999-0000,,006-0900,,006-0900,,006-0900,,RED,,STRAIGHT LINE,0,0,0,0400,M.S.D.,FORD EXPEDITION,DE190201,"70,000","34,454",,,N,,,06/28/2007 12:00:00 AM,0,EQUIPMENT MASTER,0,,,0,4101,LIGHT CAR SHOP,4101,LIGHT CAR SHOP,,,FORD,0,MILES,EXPEDITION,,N,0,OWNED,3,0,06/28/2007 12:00:00 AM,06/28/2007 12:00:00 AM,0,0,DE,"2,007",,,,,,,,,,,,,,,,,,,
N,ASSET,,IMPOUND/VEHICLES,,,,,,,,,,,,,,,STRAIGHT LINE,0,0,0,0222,,,D78936,0,0,,,N,,04/09/2008 12:00:00 AM,04/09/2008 12:00:00 AM,"183,581",FUEL TICKET,"179,335",03/05/2008 12:00:00 AM,12/17/2007 12:00:00 AM,"179,335",,,,,0004,MSD GEST STREET,,0,MILES,,06/17/2008 12:00:00 AM,N,0,OWNED,3,0,,,0,0,DE,"1,997",,,,,,,,,,,,,,,,,,,
N,ASSET,,VANS/VARIOUS TYPE,009-0550,,009-0550,,999-0000,,009-0550,,009-0550,,009-0550,,WHITE,,STRAIGHT LINE,0,0,0,POOL,FLEET SERVICES POOL,CHEVROLET EXPRESS 3500 15 PASSENGER,DE190200,"70,000","28,206",,,N,,08/20/2007 12:00:00 AM,06/14/2007 12:00:00 AM,0,EQUIPMENT MASTER,0,,,0,4101,LIGHT CAR SHOP,4101,LIGHT CAR SHOP,0002,WATER WORKS,CHEVROLET,0,MILES,EXPRESS 3500,,N,0,OWNED,3,0,04/15/2019 12:00:00 AM,04/15/2019 12:00:00 AM,0,0,DE,"2,005",,,,,,,,,,,,,,,,,,,
N,ASSET,,VANS/VARIOUS TYPE,004-0500,,004-0500,,999-0000,,004-0500,,004-0500,,004-0500,,,,STRAIGHT LINE,0,0,0,2449,FSD - POOL,HONDA ODYSSEY MINI VAN LEASED,DE190199,"70,000","20,625",0,0,N,,08/22/2007 12:00:00 AM,07/18/2007 12:00:00 AM,"6,837",POOL DISPATCH,0,,,0,4101,LIGHT CAR SHOP,4101,LIGHT CAR SHOP,0002,WATER WORKS,HONDA,0,MILES,ODYSSEY,,N,0,OWNED,3,0,,08/22/2009 12:00:00 AM,0,0,DE,"2,007",,,,,,,,,,,,,,,,,,,
N,ASSET,,VANS/VARIOUS TYPE,009-0550,,009-0550,,999-0000,,009-0550,,009-0550,,009-0550,,WHITE,,STRAIGHT LINE,0,0,0,0190,RECREATION,LEASED 15 PASSENGER VAN,DE190198,"70,000","28,206",0,0,N,,08/14/2007 12:00:00 AM,06/04/2007 12:00:00 AM,0,EQUIPMENT MASTER,0,,,0,4101,LIGHT CAR SHOP,4101,LIGHT CAR SHOP,0002,WATER WORKS,FORD,0,MILES,E350,,N,0,OWNED,3,0,,08/14/2007 12:00:00 AM,0,0,DE,"2,007",,,,,,,,,,,,,,,,,,,
N,ASSET,,VANS/VARIOUS TYPE,009-0550,,009-0550,,999-0000,,009-0550,,009-0550,,009-0550,,WHITE,,STRAIGHT LINE,0,0,0,0190,RECREATION,FORD E 350 LEASED 15 PASSENGER VAN,DE190197,"70,000","28,206",0,0,N,,08/14/2007 12:00:00 AM,06/04/2007 12:00:00 AM,0,EQUIPMENT MASTER,0,,,0,4101,LIGHT CAR SHOP,4101,LIGHT CAR SHOP,0002,WATER WORKS,FORD,0,MILES,E350,,N,0,OWNED,3,0,,08/14/2007 12:00:00 AM,0,0,DE,"2,007",,,,,,,,,,,,,,,,,,,
N,ASSET,,VANS/VARIOUS TYPE,009-0550,,009-0550,,999-0000,,009-0550,,009-0550,,009-0550,,,,STRAIGHT LINE,0,0,0,POOL,FLEET SERVICES POOL,FORD E350 15 PASSENGER VAN LEASED,DE190196,"70,000","28,206",,,N,,08/15/2007 12:00:00 AM,06/04/2007 12:00:00 AM,0,EQUIPMENT MASTER,0,,,0,4101,LIGHT CAR SHOP,4101,LIGHT CAR SHOP,0015,REEVES GOLF,FORD,0,MILES,E350,,N,0,OWNED,3,0,,08/15/2007 12:00:00 AM,0,0,DE,"2,007",,,,,,,,,,,,,,,,,,,
N,ASSET,,PICKUP/TRUCK,004-0000,,004-0000,,004-0000,,004-0000,,004-0000,,004-0000,,,,STRAIGHT LINE,0,0,0,6600,HAMILTON COUNTY HEROIN TASK FORCE,DODGE DAKOTA,DE6600214,"70,000",0,,,N,,11/20/2008 12:00:00 AM,06/30/2008 12:00:00 AM,"18,283",FUEL TICKET,0,,,0,4101,LIGHT CAR SHOP,4101,LIGHT CAR SHOP,58,CREDIT CARD FUELINGS,DODGE,0,MILES,DAKOTA,,N,0,OWNED,3,0,,08/19/2014 12:00:00 AM,0,0,DE,"2,007",,,,,,,,,,,,,,,,,,,
N,ASSET,,PICKUP/TRUCK,004-0000,,004-0000,,004-0000,,004-0000,,004-0000,,004-0000,,WHITE,,STRAIGHT LINE,0,0,0,6800,CMHA HOUSING AUTHORITY,PICKUP,D680274,0,0,,,N,,,02/06/2009 12:00:00 AM,"115,802",WORK ORDER,"115,721",,,"115,721",4101,LIGHT CAR SHOP,4101,LIGHT CAR SHOP,,,CHEVROLET,"115,721",MILES,2500,09/25/2008 12:00:00 AM,N,0,OWNED,3,0,02/28/2013 12:00:00 AM,,0,0,DE,"1,995",,,,,,,,,,,,,,,,,,,
N,ASSET,,RENTAL/LEASE/FUEL CUSTOMER,490-0300,,004-0500,,490-0300,,490-0300,,490-0300,,490-0300,,UNKNOWN,,STRAIGHT LINE,0,0,0,0190,RECREATION,VAN,DE190121,0,0,,,N,,,07/29/2008 12:00:00 AM,0,EQUIPMENT MASTER,0,,,0,4101,LIGHT CAR SHOP,4101,LIGHT CAR SHOP,,,DODGE,0,MILES,CARAVAN,,N,0,OWNED,3,0,,07/29/2008 12:00:00 AM,0,0,DE,"2,008",,,,,,,,,,,,,,,,,,,
N,ASSET,,POLICE/VEHICLE,908-0100,,908-0100,,908-0100,,908-0100,,908-0100,,908-0100,,,,STRAIGHT LINE,0,0,0,5200,CINCINNATI STATE,FORD CROWN VIC P PKG,5200175,"50,000",0,,,N,,05/23/2014 12:00:00 AM,01/24/2012 12:00:00 AM,"146,742",FUEL TICKET,"141,250",11/28/2008 12:00:00 AM,03/10/2009 12:00:00 AM,"141,250",9001,OUTSIDE AGENCY REPAIR,9001,OUTSIDE AGENCY REPAIR,0002,WATER WORKS,FORD,"121,661",MILES,CROWN VICTORIA,09/10/2009 12:00:00 AM,N,0,OWNED,3,0,,,0,0,A,"2,001",,,,,,20,GAL,,,,,,,,,,05/07/2007 12:00:00 AM,,
N,ASSET,,MISCELLANEOUS EQ/MACHINERY,999-0000,,999-0000,,999-0000,,999-0000,,999-0000,,999-0000,,WHITE,,STRAIGHT LINE,0,0,0,POOL,FLEET SERVICES POOL,CHEVROLET 15 PASS VAN,DE190648,0,0,,,N,,08/15/2008 12:00:00 AM,06/12/2008 12:00:00 AM,"2,446",FUEL TICKET,0,,,0,4101,LIGHT CAR SHOP,4101,LIGHT CAR SHOP,0015,REEVES GOLF,CHEVROLET,0,MILES,G3500,,N,0,OWNED,3,0,,08/15/2009 12:00:00 AM,0,0,DE,"2,007",,,,,,,,,,,,,,,,,,,
N,ASSET,,MISCELLANEOUS EQ/MACHINERY,999-0000,,999-0000,,999-0000,,999-0000,,999-0000,,999-0000,,WHITE,,STRAIGHT LINE,0,0,0,POOL,FLEET SERVICES POOL,FORD 15 PASS VAN,DE190936,0,0,,,N,,08/18/2008 12:00:00 AM,06/03/2008 12:00:00 AM,0,EQUIPMENT MASTER,0,,,0,4101,LIGHT CAR SHOP,4101,LIGHT CAR SHOP,0002,WATER WORKS,FORD,0,MILES,E350,,N,0,OWNED,3,0,,08/18/2008 12:00:00 AM,0,0,DE,"2,008",,,,,,,,,,,,,,,,,,,
N,ASSET,,,005-0800,,005-0800,,005-0800,,005-0800,,005-0800,,005-0800,,,,STRAIGHT LINE,0,0,0,5110,HCPA HONOR GUARD,CHEVROLET BLAZER,DE5110171,"70,000",0,,,N,,09/16/2013 12:00:00 AM,12/28/2006 12:00:00 AM,787,FUEL TICKET,0,,,0,4101,LIGHT CAR SHOP,4101,LIGHT CAR SHOP,0003,FS AIRPORT ROAD,CHEVROLET,0,MILES,BLAZER,03/07/2007 12:00:00 AM,N,0,OWNED,3,0,,08/19/2014 12:00:00 AM,0,0,DE,"1,985",,,,,,,,,,,,,,,,,,,
N,ASSET,,UTILITY/WORK TRUCK,010-0700,,010-0700,,010-0700,,010-0700,,010-0700,,010-0700,,,,STRAIGHT LINE,0,0,0,5110,HCPA HONOR GUARD,FORD F350 - CONVERTED AMBULANCE,DE5110901,"70,000",0,,,N,,12/20/2012 12:00:00 AM,01/23/2007 12:00:00 AM,"4,523",FUEL TICKET,0,,,0,4101,LIGHT CAR SHOP,4101,LIGHT CAR SHOP,0003,FS AIRPORT ROAD,FORD,0,MILES,F350,03/07/2007 12:00:00 AM,N,0,OWNED,3,0,,08/19/2014 12:00:00 AM,0,0,DE,"1,990",,,,,,,,,,,,,,,,,,,
N,ASSET,,DUMP TRUCK MED/LARGE,030-0400,,030-0400,,030-0400,,030-0400,,030-0400,,030-0400,,,,STRAIGHT LINE,0,0,0,5000,UNIV OF CINCINNATI,MITSUBISHI,80649,"100,000",0,,,N,,12/15/2022 12:00:00 AM,08/16/2012 12:00:00 AM,"25,617",FUEL TICKET,0,,,0,9001,OUTSIDE AGENCY REPAIR,9001,OUTSIDE AGENCY REPAIR,0018,FIRE CO 32,MITSUBISHI,0,MILES,TRUCK,,N,0,OWNED,3,0,,,0,0,A,"2,007",,,,,,,,,,,,,,,,,,,
N,ASSET,,VANS/VARIOUS TYPE,009-0600,,009-0550,,999-0000,,009-0600,,009-0600,,009-0600,,,,STRAIGHT LINE,0,0,0,0190,RECREATION,LEASED 15 PASSANGER VAN,DE190195,"70,000",0,0,0,N,,07/21/2006 12:00:00 AM,07/21/2006 12:00:00 AM,456,FUEL TICKET,0,,,0,4101,LIGHT CAR SHOP,4101,LIGHT CAR SHOP,0009,PARK SINTON,UNKNOWN,0,MILES,UNKNOWN,,N,0,OWNED,3,0,09/01/2006 12:00:00 AM,09/01/2006 12:00:00 AM,0,0,DE,"2,006",,,,,,,,,,,,,,,,,,,
N,ASSET,,VANS/VARIOUS TYPE,009-0600,,009-0550,,999-0000,,009-0600,,009-0600,,009-0600,,,,STRAIGHT LINE,0,0,0,0190,RECREATION,LEASED 15 PASSANGER VAN,DE190194,"70,000",0,0,0,N,,07/21/2006 12:00:00 AM,07/21/2006 12:00:00 AM,41,FUEL TICKET,0,,,0,4101,LIGHT CAR SHOP,4101,LIGHT CAR SHOP,0009,PARK SINTON,UNKNOWN,0,MILES,UNKNOWN,,N,0,OWNED,3,0,09/01/2006 12:00:00 AM,09/01/2006 12:00:00 AM,0,0,DE,"2,006",,,,,,,,,,,,,,,,,,,
N,ASSET,,VANS/VARIOUS TYPE,009-0550,,009-0550,,999-0000,,009-0550,,009-0550,,009-0550,,,,STRAIGHT LINE,0,0,0,0190,RECREATION,LEASED 15 PASSANGER VAN,DE190193,"70,000",0,,,N,,08/11/2006 12:00:00 AM,08/11/2006 12:00:00 AM,"6,720",WORK ORDER,0,,,0,4101,LIGHT CAR SHOP,4101,LIGHT CAR SHOP,0002,WATER WORKS,UNKNOWN,0,MILES,UNKNOWN,,N,0,OWNED,3,0,09/01/2006 12:00:00 AM,09/01/2006 12:00:00 AM,0,0,DE,"2,006",,,,,,,,,,,,,,,,,,,
N,ASSET,,VANS/VARIOUS TYPE,009-0550,,009-0550,,999-0000,,009-0550,,009-0550,,009-0550,,,,STRAIGHT LINE,0,0,0,0190,RECREATION,LEASE 15 PASSENGER VAN,DE190192,"70,000",0,,,N,,09/05/2006 12:00:00 AM,08/15/2006 12:00:00 AM,815,FUEL TICKET,0,,,0,4101,LIGHT CAR SHOP,4101,LIGHT CAR SHOP,0002,WATER WORKS,UNKNOWN,0,MILES,UNKNOWN,,N,0,OWNED,3,0,09/01/2006 12:00:00 AM,09/01/2006 12:00:00 AM,0,0,DE,"2,006",,,,,,,,,,,,,,,,,,,
N,ASSET,,VANS/VARIOUS TYPE,009-0550,,009-0550,,999-0000,,009-0550,,009-0550,,009-0550,,,,STRAIGHT LINE,0,0,0,0190,RECREATION,LEASED 15 PASSENGER VAN,DE190191,"70,000",0,0,0,N,,08/18/2006 12:00:00 AM,08/18/2006 12:00:00 AM,"3,000",FUEL TICKET,0,,,0,4101,LIGHT CAR SHOP,4101,LIGHT CAR SHOP,0002,WATER WORKS,UNKNOWN,0,MILES,UNKNOWN,,N,0,OWNED,3,0,09/01/2006 12:00:00 AM,09/01/2006 12:00:00 AM,0,0,DE,"2,006",,,,,,,,,,,,,,,,,,,
N,ASSET,,VANS/VARIOUS TYPE,009-0550,,009-0550,,999-0000,,009-0550,,009-0550,,009-0550,,,,STRAIGHT LINE,0,0,0,0190,RECREATION,LEASED 15 PASSENGER VAN,DE190190,"70,000",0,,,N,,08/21/2006 12:00:00 AM,08/21/2006 12:00:00 AM,"6,502",FUEL TICKET,0,,,0,4101,LIGHT CAR SHOP,4101,LIGHT CAR SHOP,0002,WATER WORKS,UNKNOWN,0,MILES,UNKNOWN,,N,0,OWNED,3,0,09/01/2006 12:00:00 AM,09/01/2006 12:00:00 AM,0,0,DE,"2,006",,,,,,,,,,,,,,,,,,,
N,ASSET,,,006-0400,,006-0400,,006-0400,,006-0400,,006-0400,,006-0400,,SILVER,,STRAIGHT LINE,0,0,0,6800,CMHA HOUSING AUTHORITY,FORD PANEL VAN,D680196,0,0,,,N,,,05/01/2008 12:00:00 AM,"106,252",WORK ORDER,"106,252",05/02/2008 12:00:00 AM,05/03/2008 12:00:00 AM,"106,252",4101,LIGHT CAR SHOP,4101,LIGHT CAR SHOP,,,FORD,0,MILES,E250,11/03/2008 12:00:00 AM,N,0,OWNED,3,0,02/28/2013 12:00:00 AM,,0,0,DE,"1,999",,,,,,,,,,,,,,,,,,,
N,ASSET,,SEDANS - GENERAL,906-0000,,906-0000,,906-0000,,906-0000,,906-0000,,906-0000,,BLUE,,STRAIGHT LINE,0,0,0,6800,CMHA HOUSING AUTHORITY,DODGE NEON,D680003,0,0,,,N,,,04/28/2008 12:00:00 AM,"49,448",WORK ORDER,"49,448",04/28/2008 12:00:00 AM,04/30/2008 12:00:00 AM,"49,448",4101,LIGHT CAR SHOP,4101,LIGHT CAR SHOP,,,DODGE,"49,448",MILES,NEON,10/30/2008 12:00:00 AM,N,0,OWNED,3,0,02/28/2013 12:00:00 AM,,0,0,DE,"2,004",,,,,,,,,,,,,,,,,,,
N,ASSET,,VANS/VARIOUS TYPE,005-0400,,005-0400,,005-0400,,005-0400,,005-0400,,005-0400,,SILVER,,STRAIGHT LINE,0,0,0,6800,CMHA HOUSING AUTHORITY,PANEL VAN,D680284,0,0,,,N,,,04/23/2008 12:00:00 AM,"91,550",WORK ORDER,"91,550",04/19/2008 12:00:00 AM,04/18/2008 12:00:00 AM,"91,550",4101,LIGHT CAR SHOP,4101,LIGHT CAR SHOP,,,FORD,"91,550",MILES,E150,10/18/2008 12:00:00 AM,N,0,OWNED,3,0,02/28/2013 12:00:00 AM,,0,0,DE,"1,995",,,,,,,,,,,,,,,,,,,
N,ASSET,,VANS/VARIOUS TYPE,005-0400,,005-0400,,005-0400,,005-0400,,005-0400,,005-0400,,SILVER,,STRAIGHT LINE,0,0,0,6800,CMHA HOUSING AUTHORITY,PANEL VAN,D680257,0,0,,,N,,,04/04/2008 12:00:00 AM,"81,146",WORK ORDER,"81,146",04/04/2008 12:00:00 AM,04/05/2008 12:00:00 AM,"81,146",4101,LIGHT CAR SHOP,4101,LIGHT CAR SHOP,,,FORD,0,MILES,E150,10/05/2008 12:00:00 AM,N,0,OWNED,3,0,02/28/2013 12:00:00 AM,,0,0,DE,"1,995",,,,,,,,,,,,,,,,,,,
N,ASSET,,VANS/VARIOUS TYPE,005-0400,,005-0400,,005-0400,,005-0400,,005-0400,,005-0400,,SILVERS,,STRAIGHT LINE,0,0,0,6800,CMHA HOUSING AUTHORITY,PANEL VAN,D680252,0,0,,,N,,,04/05/2008 12:00:00 AM,"85,466",WORK ORDER,"85,466",04/04/2008 12:00:00 AM,04/05/2008 12:00:00 AM,"85,466",4101,LIGHT CAR SHOP,4101,LIGHT CAR SHOP,,,FORD,0,MILES,E150,10/05/2008 12:00:00 AM,N,0,OWNED,3,0,02/28/2013 12:00:00 AM,,0,0,DE,"1,995",,,,,,,,,,,,,,,,,,,
N,ASSET,,VANS/VARIOUS TYPE,005-0400,,005-0400,,005-0400,,005-0400,,005-0400,,005-0400,,SILVER,,STRAIGHT LINE,0,0,0,6800,CMHA HOUSING AUTHORITY,PANEL VAN,D680256,0,0,,,N,,,04/04/2008 12:00:00 AM,"104,490",WORK ORDER,"104,490",04/04/2008 12:00:00 AM,04/05/2008 12:00:00 AM,"104,490",4101,LIGHT CAR SHOP,4101,LIGHT CAR SHOP,,,FORD,0,MILES,E150,10/05/2008 12:00:00 AM,N,0,OWNED,3,0,02/28/2013 12:00:00 AM,,0,0,DE,"1,995",,,,,,,,,,,,,,,,,,,
N,ASSET,,VANS/VARIOUS TYPE,005-0400,,005-0400,,005-0400,,005-0400,,005-0400,,005-0400,,SILVER,,STRAIGHT LINE,0,0,0,6800,CMHA HOUSING AUTHORITY,PANEL VAN,D680103,0,0,,,N,,,04/04/2008 12:00:00 AM,"65,603",WORK ORDER,"65,603",04/04/2008 12:00:00 AM,04/05/2008 12:00:00 AM,"65,603",4101,LIGHT CAR SHOP,4101,LIGHT CAR SHOP,,,FORD,0,MILES,E150,10/05/2008 12:00:00 AM,N,0,OWNED,3,0,02/28/2013 12:00:00 AM,,0,0,DE,"1,996",,,,,,,,,,,,,,,,,,,
N,ASSET,,VANS/VARIOUS TYPE,005-0400,,005-0400,,005-0400,,005-0400,,005-0400,,005-0400,,SILVER,,STRAIGHT LINE,0,0,0,6800,CMHA HOUSING AUTHORITY,PANEL VAN,D680155,0,0,,,N,,,04/04/2008 12:00:00 AM,"44,025",WORK ORDER,"44,025",04/04/2008 12:00:00 AM,04/04/2008 12:00:00 AM,"44,025",4101,LIGHT CAR SHOP,4101,LIGHT CAR SHOP,,,FORD,"44,025",MILES,E250,10/04/2008 12:00:00 AM,N,0,OWNED,3,0,02/28/2013 12:00:00 AM,,0,0,DE,"2,001",,,,,,,,,,,,,,,,,,,
N,ASSET,,,004-0400,,004-0400,,004-0400,,004-0400,,004-0400,,004-0400,,SILVER,,STRAIGHT LINE,0,0,0,6800,CMHA HOUSING AUTHORITY,PANEL VAN,D680234,0,0,,,N,,,04/03/2008 12:00:00 AM,"85,082",WORK ORDER,0,,,0,4101,LIGHT CAR SHOP,4101,LIGHT CAR SHOP,,,FORD,0,MILES,E150,,N,0,OWNED,3,0,02/28/2013 12:00:00 AM,,0,0,DE,"1,995",,,,,,,,,,,,,,,,,,,
N,ASSET,,SUV/SUBURBAN/EXPLORER,004-0800,,004-0800,,004-0800,,004-0800,,004-0800,,004-0800,,,,STRAIGHT LINE,0,0,0,6500,CITY OF CLEVES,FORD EXPLORER,DE6500735,"70,000",0,,,N,,10/11/2008 12:00:00 AM,08/09/2008 12:00:00 AM,"74,250",FUEL TICKET,"73,317",,,"73,317",4101,LIGHT CAR SHOP,4101,LIGHT CAR SHOP,0005,MSD MUDDY CREEK,FORD,0,MILES,EXPLORER,,N,0,OWNED,3,0,,08/19/2014 12:00:00 AM,0,0,DE,"2,004",,,,,,,,,,,,,,,,,,,
N,ASSET,,RENTAL/LEASE/FUEL CUSTOMER,888-0000,,888-0000,,888-0000,,888-0000,,888-0000,,888-0000,,,,STRAIGHT LINE,0,0,0,3980,ENVIRONMENTAL SERVICES,HONDA,DE00223,0,0,,,N,,01/25/2012 12:00:00 AM,08/10/2008 12:00:00 AM,"30,070",FUEL TICKET,0,,,0,4101,LIGHT CAR SHOP,4101,LIGHT CAR SHOP,0009,PARK SINTON,HONDA,0,MILES,CIVIC,,N,0,CUSTOMER,4,0,,04/07/2014 12:00:00 AM,0,0,DE,"2,008",,,,,,,,,,,,,,,,,,,
N,ASSET,,VANS/VARIOUS TYPE,009-0400,,009-0400,,009-0400,,009-0400,,009-0400,,009-0400,,SILVER,,STRAIGHT LINE,0,0,0,6800,CMHA HOUSING AUTHORITY,ECONOLINE VAN,D680279,0,0,,,N,,,04/17/2008 12:00:00 AM,"86,074",WORK ORDER,0,,,0,4101,LIGHT CAR SHOP,4101,LIGHT CAR SHOP,,,FORD,"86,073",MILES,E150,,N,0,OWNED,3,0,02/28/2013 12:00:00 AM,,0,0,DE,"1,995",,,,,,,,,,,,,,,,,,,
N,ASSET,,SWEEPER/SCRUBBER MID/SMALL,134-0300,,134-0300,,134-0300,,134-0300,,134-0300,,134-0300,,,,STRAIGHT LINE,0,0,0,6800,CMHA HOUSING AUTHORITY,JOHNSTON SWEEPER,D680264,0,0,,,N,,,03/31/2008 12:00:00 AM,"87,020",WORK ORDER,0,,,0,4110,SPECIALIZED EQUIPMENT,4110,SPECIALIZED EQUIPMENT,,,JOHNSTON,"87,020",HOURS,J3000,,N,0,OWNED,3,0,02/28/2013 12:00:00 AM,,0,0,DE,"1,995",,,,,,,,,,,,,,,,,,,
N,ASSET,,PICKUP/TRUCK,005-0000,,005-0000,,005-0000,,005-0000,,005-0000,,005-0000,,WHITE,,STRAIGHT LINE,0,0,0,6800,CMHA HOUSING AUTHORITY,PICKUP,D680183,0,0,,,N,,,03/28/2008 12:00:00 AM,"149,278",WORK ORDER,"149,278",,,"149,278",4101,LIGHT CAR SHOP,4101,LIGHT CAR SHOP,,,FORD,"149,778",MILES,F250,,N,0,OWNED,3,0,02/28/2013 12:00:00 AM,,0,0,DE,"2,001",,,,,,,,,,,,,,,,,,,
N,ASSET,,PICKUP/TRUCK,004-0000,,004-0000,,004-0000,,004-0000,,004-0000,,004-0000,,WHITE,,STRAIGHT LINE,0,0,0,6800,CMHA HOUSING AUTHORITY,PICKUP,D680112,0,0,,,N,,,03/26/2008 12:00:00 AM,"127,782",WORK ORDER,"127,782",,,"127,782",4101,LIGHT CAR SHOP,4101,LIGHT CAR SHOP,,,CHEVROLET,"127,782",MILES,S10,,N,0,OWNED,3,0,02/28/2013 12:00:00 AM,,0,0,DE,"2,001",,,,,,,,,,,,,,,,,,,
N,ASSET,,,004-0050,,004-0050,,004-0050,,004-0050,,004-0050,,004-0050,,WHITE,,STRAIGHT LINE,0,0,0,6800,CMHA HOUSING AUTHORITY,PICKUP,D680222,0,0,,,N,,,03/26/2008 12:00:00 AM,"208,211",WORK ORDER,0,,,0,4101,LIGHT CAR SHOP,4101,LIGHT CAR SHOP,,,CHEVROLET,"208,211",MILES,2500,,N,0,OWNED,3,0,02/28/2013 12:00:00 AM,,0,0,DE,"1,994",,,,,,,,,,,,,,,,,,,
N,ASSET,,SEDANS - GENERAL,905-0000,,905-0000,,905-0000,,905-0000,,905-0000,,905-0000,,WHITE,,STRAIGHT LINE,0,0,0,6800,CMHA HOUSING AUTHORITY,CONTOUR,D680176,0,0,,,N,,,03/25/2008 12:00:00 AM,"91,216",WORK ORDER,"91,216",,,"91,216",4101,LIGHT CAR SHOP,4101,LIGHT CAR SHOP,,,FORD,"91,216",MILES,FORD,,N,0,OWNED,3,0,02/28/2013 12:00:00 AM,,0,0,DE,"1,997",,,,,,,,,,,,,,,,,,,
N,ASSET,,PICKUP/TRUCK,005-0000,,005-0000,,005-0000,,005-0000,,005-0000,,005-0000,,WHITE,,STRAIGHT LINE,0,0,0,6800,CMHA HOUSING AUTHORITY,PICKUP,D680147,0,0,,,N,,,03/22/2008 12:00:00 AM,"126,370",WORK ORDER,"126,370",,,"126,370",4101,LIGHT CAR SHOP,4101,LIGHT CAR SHOP,,,CHEVROLET,"126,370",MILES,S10,,N,0,OWNED,3,0,02/28/2013 12:00:00 AM,,0,0,DE,"2,002",,,,,,,,,,,,,,,,,,,
N,ASSET,,PICKUP/TRUCK,005-0000,,005-0000,,005-0000,,005-0000,,005-0000,,005-0000,,WHITE,,STRAIGHT LINE,0,0,0,6800,CMHA HOUSING AUTHORITY,PICKUP,D680188,0,0,,,N,,,03/22/2008 12:00:00 AM,"132,697",WORK ORDER,"132,697",,,"132,697",4101,LIGHT CAR SHOP,4101,LIGHT CAR SHOP,,,CHEVROLET,"132,697",MILES,S10,,N,0,OWNED,3,0,02/28/2013 12:00:00 AM,,0,0,DE,"1,995",,,,,,,,,,,,,,,,,,,
N,ASSET,,PICKUP/TRUCK,005-0000,,005-0000,,005-0000,,005-0000,,005-0000,,005-0000,,SILVER,,STRAIGHT LINE,0,0,0,6800,CMHA HOUSING AUTHORITY,PICKUP,D680204,0,0,,,N,,,03/22/2008 12:00:00 AM,"92,329",WORK ORDER,"92,329",,,"92,329",4101,LIGHT CAR SHOP,4101,LIGHT CAR SHOP,,,CHEVROLET,"92,329",MILES,S10,,N,0,OWNED,3,0,02/28/2013 12:00:00 AM,,0,0,DE,"1,995",,,,,,,,,,,,,,,,,,,
N,ASSET,,PICKUP/TRUCK,005-0000,,005-0000,,005-0000,,005-0000,,005-0050,,005-0000,,WHITE,,STRAIGHT LINE,0,0,0,6800,CMHA HOUSING AUTHORITY,PICKUP,D680130,0,0,,,N,,,03/22/2008 12:00:00 AM,"42,246",WORK ORDER,"42,246",,,"42,246",4101,LIGHT CAR SHOP,4101,LIGHT CAR SHOP,,,CHEVROLET,0,MILES,S10,,N,0,OWNED,3,0,02/28/2013 12:00:00 AM,,0,0,DE,"2,003",,,,,,,,,,,,,,,,,,,
N,ASSET,,PICKUP/TRUCK,005-0000,,005-0000,,005-0000,,005-0000,,005-0000,,005-0000,,WHITE,,STRAIGHT LINE,0,0,0,6800,CMHA HOUSING AUTHORITY,PICKUP TRUCK,D680180,0,0,,,N,,,03/21/2008 12:00:00 AM,"52,101",WORK ORDER,"52,101",,,"52,101",4101,LIGHT CAR SHOP,4101,LIGHT CAR SHOP,,,CHEVROLET,"52,101",MILES,S10,,N,0,OWNED,3,0,02/28/2013 12:00:00 AM,,0,0,DE,"2,003",,,,,,,,,,,,,,,,,,,
N,ASSET,,PICKUP/TRUCK,005-0000,,004-0000,,005-0000,,005-0000,,005-0000,,005-0000,,SILVER,,STRAIGHT LINE,0,0,0,6800,CMHA HOUSING AUTHORITY,PICKUP TRUCK,D680153,0,0,,,N,,,03/27/2008 12:00:00 AM,"130,087",WORK ORDER,"130,087",,,"130,087",4101,LIGHT CAR SHOP,4101,LIGHT CAR SHOP,,,FORD,"130,087",MILES,F150,,N,0,OWNED,3,0,02/28/2013 12:00:00 AM,,0,0,DE,"1,994",,,,,,,,,,,,,,,,,,,
N,ASSET,,POLICE/VEHICLE,908-0100,,908-0100,,908-0100,,908-0100,,908-0100,,908-0100,,,,STRAIGHT LINE,0,0,0,5200,CINCINNATI STATE,FORD CROWN VIC P PKG,5200759,"50,000",0,,,N,,01/15/2015 12:00:00 AM,01/15/2015 12:00:00 AM,"107,610",FUEL TICKET,"90,933",12/03/2008 12:00:00 AM,11/20/2008 12:00:00 AM,"90,933",9001,OUTSIDE AGENCY REPAIR,9001,OUTSIDE AGENCY REPAIR,0002,WATER WORKS,FORD,0,MILES,CROWN VICTORIA,05/20/2009 12:00:00 AM,N,0,OWNED,3,0,,,0,0,A,"2,003",,,,,,19,GAL,,,,,,,,,,05/01/2007 12:00:00 AM,,
N,ASSET,,AMBULANCE,065-0000,,065-0000,,065-0000,,065-0000,,065-0000,,065-0000,,,,STRAIGHT LINE,0,0,0,6500,CITY OF CLEVES,FORD ECONOLINE 350 AMBULANCE PKG,S6500137,0,0,,,N,,04/12/2008 12:00:00 AM,03/06/2008 12:00:00 AM,"86,974",WORK ORDER,0,,,0,4101,LIGHT CAR SHOP,4101,LIGHT CAR SHOP,0011,AVON GOLF COURSE,FORD,0,MILES,ECONOLINE 350,,N,0,OWNED,3,0,,06/14/2008 12:00:00 AM,"2,200",0,DE,"1,988",,,,,,,,,,,,,,,,,,,
N,ASSET,,POLICE/VEHICLE,908-0100,,908-0100,,908-0100,,908-0100,,908-0100,,908-0100,,,,STRAIGHT LINE,0,0,0,5200,CINCINNATI STATE,FORD CROWN VIC P PKG,5200094,"50,000",0,0,0,N,,07/16/2012 12:00:00 AM,01/18/2012 12:00:00 AM,"79,176",FUEL TICKET,"56,294",09/29/2008 12:00:00 AM,04/10/2009 12:00:00 AM,"56,294",9001,OUTSIDE AGENCY REPAIR,9001,OUTSIDE AGENCY REPAIR,0002,WATER WORKS,FORD,"49,966",MILES,CROWN VICTORIA,10/10/2009 12:00:00 AM,N,0,OWNED,3,0,,,0,0,A,"2,005",,,,,,,,,,,,,,,,,,,
N,ASSET,,IMPOUND/VEHICLES,,,,,,,,,,,,,,,STRAIGHT LINE,0,0,0,0222,,,D28926,0,0,,,N,,10/28/2010 12:00:00 AM,01/27/2011 12:00:00 AM,"130,513",WORK ORDER,"121,145",,,"121,145",,,,,0004,MSD GEST STREET,,0,MILES,,,N,0,OWNED,3,0,12/04/2012 12:00:00 AM,12/04/2012 12:00:00 AM,0,0,SO,"2,002",,,,,,,,,,,,,,,,,,,
N,ASSET,,IMPOUND/VEHICLES,,,,,,,,,,,,,,,STRAIGHT LINE,0,0,0,0222,,,S18925,0,0,,,N,,07/05/2011 12:00:00 AM,07/26/2011 12:00:00 AM,"116,317",WORK ORDER,"115,021",10/16/2010 12:00:00 AM,02/17/2011 12:00:00 AM,"115,021",,,,,0004,MSD GEST STREET,,0,MILES,,08/17/2011 12:00:00 AM,N,0,OWNED,3,0,03/04/2013 12:00:00 AM,,0,0,SO,"2,001",,,,,,,,,,,,,,,,,,,
N,ASSET,,PICKUP/TRUCK,004-0000,,004-0000,,004-0000,,004-0000,,004-0000,,004-0000,,,,STRAIGHT LINE,0,0,0,6500,CITY OF CLEVES,FORD F150,DE6500202,"70,000",0,,,N,,02/25/2008 12:00:00 AM,03/28/2007 12:00:00 AM,0,EQUIPMENT MASTER,0,,,0,4101,LIGHT CAR SHOP,4101,LIGHT CAR SHOP,0007,TAYLOR CREEK,FORD,0,MILES,F150,09/28/2007 12:00:00 AM,N,0,OWNED,3,0,,08/19/2014 12:00:00 AM,0,0,DE,"1,995",,,,,,31,GAL,,,,,,,,,,03/28/2007 12:00:00 AM,,
N,ASSET,,PICKUP/TRUCK,004-0000,,004-0000,,004-0000,,004-0000,,004-0000,,004-0000,,,,STRAIGHT LINE,0,0,0,6500,CITY OF CLEVES,FORD F350,DE6500474,"70,000",0,,,N,,,03/28/2007 12:00:00 AM,0,EQUIPMENT MASTER,0,,,0,4101,LIGHT CAR SHOP,4101,LIGHT CAR SHOP,,,FORD,0,MILES,F350,09/28/2007 12:00:00 AM,N,0,OWNED,3,0,,08/19/2014 12:00:00 AM,0,0,DE,"1,994",,,,,,92,GAL,,,,,,,,,,03/28/2007 12:00:00 AM,,
N,ASSET,,SUV/SUBURBAN/EXPLORER,009-0900,,009-0900,,009-0900,,009-0900,,009-0900,,009-0900,,,,STRAIGHT LINE,0,0,0,6500,CITY OF CLEVES,FORD EXPEDITION,DE6500668,"70,000",0,,,N,,,03/28/2007 12:00:00 AM,0,EQUIPMENT MASTER,0,,,0,4101,LIGHT CAR SHOP,4101,LIGHT CAR SHOP,,,FORD,0,MILES,EXPEDITION,09/28/2007 12:00:00 AM,N,0,OWNED,3,0,,08/19/2014 12:00:00 AM,0,0,DE,"2,006",,,,,,29,GAL,,,,,,,,,,03/28/2007 12:00:00 AM,,
N,ASSET,,UTILITY/WORK TRUCK,009-0700,,009-0700,,009-0700,,009-0700,,009-0700,,009-0700,,,,STRAIGHT LINE,0,0,0,6500,CITY OF CLEVES,FORD TACT,DE6500765,"70,000",0,,,N,,11/21/2007 12:00:00 AM,03/28/2007 12:00:00 AM,0,EQUIPMENT MASTER,0,,,0,4110,SPECIALIZED EQUIPMENT,4110,SPECIALIZED EQUIPMENT,0007,TAYLOR CREEK,FORD,0,MILES,TACT,09/28/2007 12:00:00 AM,N,0,OWNED,3,0,,08/19/2014 12:00:00 AM,0,0,DE,"1,989",,,,,,41,GAL,,,,,,,,,,03/28/2007 12:00:00 AM,,
N,ASSET,,SEDANS - GENERAL,905-0000,,905-0000,,905-0000,,905-0000,,905-0000,,905-0000,,,,STRAIGHT LINE,0,0,0,6500,CITY OF CLEVES,FORD TAURUS,DE6500403,"60,000",0,,,N,,02/20/2009 12:00:00 AM,08/04/2008 12:00:00 AM,"100,718",FUEL TICKET,"95,595",02/06/2008 12:00:00 AM,02/20/2008 12:00:00 AM,"95,595",4101,LIGHT CAR SHOP,4101,LIGHT CAR SHOP,0007,TAYLOR CREEK,FORD,0,MILES,TAURUS,08/20/2008 12:00:00 AM,N,0,OWNED,3,0,,08/19/2014 12:00:00 AM,0,0,DE,"2,000",,,,,,21,GAL,,,,,,,0,,,03/28/2007 12:00:00 AM,,
N,ASSET,,POLICE/VEHICLE,908-0000,,908-0000,,908-0000,,908-0000,,908-0000,,908-0000,,,,STRAIGHT LINE,0,0,0,6500,CITY OF CLEVES,FORD CROWN VICTORIA,DE6500860,"50,000",0,,,N,,04/29/2007 12:00:00 AM,04/29/2007 12:00:00 AM,"4,466",FUEL TICKET,0,,,0,4101,LIGHT CAR SHOP,4101,LIGHT CAR SHOP,0005,MSD MUDDY CREEK,FORD,0,MILES,CROWN VICTORIA,06/28/2007 12:00:00 AM,N,0,OWNED,3,0,,08/19/2014 12:00:00 AM,0,0,DE,"2,001",,,,,,21,GAL,,,,,,,,,,03/28/2007 12:00:00 AM,,
N,ASSET,,SEDANS - GENERAL,905-0000,,905-0000,,905-0000,,905-0000,,905-0000,,905-0000,,,,STRAIGHT LINE,0,0,0,6500,CITY OF CLEVES,DODGE INTREPID,DE6500736,"60,000",0,,,N,,01/18/2009 12:00:00 AM,08/06/2008 12:00:00 AM,"83,174",FUEL TICKET,"75,769",11/09/2007 12:00:00 AM,10/18/2007 12:00:00 AM,"75,769",4101,LIGHT CAR SHOP,4101,LIGHT CAR SHOP,0005,MSD MUDDY CREEK,DODGE,0,MILES,INTREPID,04/18/2008 12:00:00 AM,N,0,OWNED,3,0,,08/19/2014 12:00:00 AM,0,0,DE,"2,004",,,,,,18,GAL,,,,,,,,,,03/28/2007 12:00:00 AM,,
N,ASSET,,POLICE/VEHICLE,908-0000,,908-0000,,908-0000,,908-0000,,908-0000,,908-0000,,,,STRAIGHT LINE,0,0,0,6500,CITY OF CLEVES,FORD CROWN VICTORIA,DE6500865,"50,000",0,,,N,,10/28/2008 12:00:00 AM,08/09/2008 12:00:00 AM,"38,595",FUEL TICKET,"33,355",04/16/2008 12:00:00 AM,05/15/2008 12:00:00 AM,"33,355",4101,LIGHT CAR SHOP,4101,LIGHT CAR SHOP,0007,TAYLOR CREEK,FORD,0,MILES,CROWN VICTORIA,08/15/2008 12:00:00 AM,N,0,OWNED,3,0,,08/19/2014 12:00:00 AM,0,0,DE,"2,006",,,,,,21,GAL,,,,,,,,,,03/28/2007 12:00:00 AM,,
N,ASSET,,POLICE/VEHICLE,908-0100,,908-0100,,908-0100,,908-0100,,908-0100,,908-0100,,,,STRAIGHT LINE,0,0,0,5200,CINCINNATI STATE,FORD CROWN VIC,5200613,0,0,,,N,,12/08/2022 12:00:00 AM,12/08/2022 12:00:00 AM,"60,453",FUEL TICKET,0,,,0,9001,OUTSIDE AGENCY REPAIR,9001,OUTSIDE AGENCY REPAIR,0004,MSD GEST STREET,FORD,0,MILES,CROWN VICTORIA,,N,0,OWNED,3,0,,,0,0,A,"2,000",,,,,,,,,,,,,,,,,,,
N,ASSET,,POLICE/VEHICLE,908-0000,,908-0000,,908-0000,,908-0000,,908-0000,,908-0000,,,,STRAIGHT LINE,0,0,0,6500,CITY OF CLEVES,FORD CROWN VICTORIA,DE6500731,"50,000",0,,,N,,04/19/2009 12:00:00 AM,08/09/2008 12:00:00 AM,"28,326",FUEL TICKET,"30,879",07/04/2008 12:00:00 AM,04/29/2008 12:00:00 AM,"30,879",4101,LIGHT CAR SHOP,4101,LIGHT CAR SHOP,0005,MSD MUDDY CREEK,FORD,0,MILES,CROWN VICTORIA,07/29/2008 12:00:00 AM,N,0,OWNED,3,0,,08/19/2014 12:00:00 AM,0,0,DE,"2,007",,,,,,21,GAL,,,,,,,,,,03/28/2007 12:00:00 AM,,
N,ASSET,,PICKUP/TRUCK,004-0000,,004-0000,,004-0000,,004-0000,,004-0000,,004-0000,,,,STRAIGHT LINE,0,0,0,6500,CITY OF CLEVES,CHEVROLET C30,DE6500038,"70,000",0,,,N,,05/30/2007 12:00:00 AM,07/06/2007 12:00:00 AM,"58,861",WORK ORDER,0,,,0,4101,LIGHT CAR SHOP,4101,LIGHT CAR SHOP,0005,MSD MUDDY CREEK,CHEVROLET,0,MILES,C30,09/28/2007 12:00:00 AM,N,0,OWNED,3,0,,08/19/2014 12:00:00 AM,0,0,DE,"1,988",,,,,,41,GAL,,,,,,,,,,03/28/2007 12:00:00 AM,,
N,ASSET,,PICKUP/TRUCK,004-0000,,004-0000,,004-0000,,004-0000,,004-0000,,004-0000,,,,STRAIGHT LINE,0,0,0,6500,CITY OF CLEVES,FORD F350,DE6500428,"70,000",0,,,N,,03/13/2008 12:00:00 AM,03/28/2007 12:00:00 AM,0,EQUIPMENT MASTER,0,,,0,4101,LIGHT CAR SHOP,4101,LIGHT CAR SHOP,0007,TAYLOR CREEK,FORD,0,MILES,F350,09/28/2007 12:00:00 AM,N,0,OWNED,3,0,,08/19/2014 12:00:00 AM,0,0,DE,"1,981",,,,,,41,GAL,,,,,,,,,,03/28/2007 12:00:00 AM,,
N,ASSET,,PICKUP/TRUCK,004-0000,,004-0000,,004-0000,,004-0000,,004-0000,,004-0000,,,,STRAIGHT LINE,0,0,0,6500,CITY OF CLEVES,FORD RANGER,DE6500573,"70,000",0,,,N,,04/10/2008 12:00:00 AM,03/28/2007 12:00:00 AM,0,EQUIPMENT MASTER,0,,,0,4101,LIGHT CAR SHOP,4101,LIGHT CAR SHOP,0007,TAYLOR CREEK,FORD,0,MILES,RANGER,09/28/2007 12:00:00 AM,N,0,OWNED,3,0,,08/19/2014 12:00:00 AM,0,0,DE,"1,999",,,,,,21,GAL,,,,,,,,,,03/28/2007 12:00:00 AM,,
N,ASSET,,PICKUP/TRUCK,004-0000,,004-0000,,004-0000,,004-0000,,004-0000,,004-0000,,,,STRAIGHT LINE,0,0,0,6500,CITY OF CLEVES,FORD F250,DE6500409,"70,000",0,,,N,,09/03/2008 12:00:00 AM,03/28/2007 12:00:00 AM,0,EQUIPMENT MASTER,0,,,0,4101,LIGHT CAR SHOP,4101,LIGHT CAR SHOP,0007,TAYLOR CREEK,FORD,0,MILES,F250,09/28/2007 12:00:00 AM,N,0,OWNED,3,0,,08/19/2014 12:00:00 AM,0,0,DE,"2,004",,,,,,36,GAL,,,,,,,,,,03/28/2007 12:00:00 AM,,
N,ASSET,,UTILITY/WORK TRUCK,112-0000,,112-0000,,112-0000,,112-0000,,112-0000,,112-0000,,,,STRAIGHT LINE,0,0,0,6500,CITY OF CLEVES,FORD F650,DE6500592,"70,000",0,,,N,,06/16/2008 12:00:00 AM,06/16/2008 12:00:00 AM,"12,700",FUEL TICKET,"12,560",04/16/2008 12:00:00 AM,05/08/2008 12:00:00 AM,"12,560",4110,SPECIALIZED EQUIPMENT,4110,SPECIALIZED EQUIPMENT,0007,TAYLOR CREEK,FORD,0,MILES,F650,11/08/2008 12:00:00 AM,N,0,OWNED,3,0,,08/19/2014 12:00:00 AM,0,0,DE,"2,003",,,,,,101,GAL,,,,,,,,,,03/28/2007 12:00:00 AM,,
N,ASSET,,,087-0000,,087-0000,,087-0000,,087-0000,,087-0000,,087-0000,,,,STRAIGHT LINE,0,0,0,6500,CITY OF CLEVES,FORD 800 FIRE TRUCK/PUMPER,DE6500008,0,0,,,N,,,02/07/2008 12:00:00 AM,"25,140",WORK ORDER,0,,,0,4130,FIRE SHOP,4130,FIRE SHOP,,,FORD,0,MILES,800,,N,0,OWNED,3,0,,08/19/2014 12:00:00 AM,0,0,DE,"1,982",,,,,,,,,,,,,,,"34,000",,02/07/2008 12:00:00 AM,,
N,ASSET,,VANS/VARIOUS TYPE,007-0400,,007-0400,,007-0400,,007-0400,,007-0400,,007-0400,,WHITE,,STRAIGHT LINE,0,0,0,5200,CINCINNATI STATE,DODGE RAM 2500 PANEL VAN,5200216,0,0,,,N,,,02/05/2008 12:00:00 AM,"15,286",WORK ORDER,0,,,0,9001,OUTSIDE AGENCY REPAIR,9001,OUTSIDE AGENCY REPAIR,,,DODGE,0,MILES,2500,,N,0,OWNED,3,0,,,0,0,,"2,001",,,,,,,,,,,,,,,,,,,
N,ASSET,,VANS/VARIOUS TYPE,005-0500,,005-0500,,005-0500,,005-0500,,005-0500,,005-0500,,,,STRAIGHT LINE,0,0,0,5000,UNIV OF CINCINNATI,DODGE CARAVAN,80119,"70,000",0,,,N,,07/26/2016 12:00:00 AM,07/26/2016 12:00:00 AM,"22,494",FUEL TICKET,"21,707",,,0,9001,OUTSIDE AGENCY REPAIR,9001,OUTSIDE AGENCY REPAIR,0002,WATER WORKS,DODGE,0,MILES,CARAVAN,10/01/2016 12:00:00 AM,N,0,OWNED,3,0,,,0,0,A,"2,007",,,,,,,,,,,,,,,,,,,
N,ASSET,,AMBULANCE,065-0200,,065-0200,,065-0200,,065-0200,,065-0200,,065-0200,,,,STRAIGHT LINE,0,0,0,6500,CITY OF CLEVES,FORD E450 AMBULANCE,DE6500278,0,0,,,N,,,02/07/2008 12:00:00 AM,"78,282",WORK ORDER,0,,,0,4101,LIGHT CAR SHOP,4101,LIGHT CAR SHOP,,,FORD,0,MILES,E450,,N,0,OWNED,3,0,,08/19/2014 12:00:00 AM,0,0,DE,"1,997",,,,,,,,,,,,,,,,,,,
N,ASSET,,SUV/SUBURBAN/EXPLORER,006-0900,,006-0900,,006-0900,,006-0900,,006-0900,,006-0900,,,,STRAIGHT LINE,0,0,0,5400,CITY OF ELMWOOD,FORD EXPEDITION,DE5400321,"70,000",0,,,N,,10/01/2014 12:00:00 AM,10/03/2007 12:00:00 AM,"82,900",FUEL TICKET,"78,600",05/20/2007 12:00:00 AM,04/25/2007 12:00:00 AM,"78,600",4101,LIGHT CAR SHOP,4101,LIGHT CAR SHOP,0002,WATER WORKS,FORD,0,MILES,EXPEDITION,10/25/2007 12:00:00 AM,N,0,OWNED,3,0,,10/01/2014 12:00:00 AM,0,0,DE,"1,999",,,,,,31,GAL,,,,,,,,,,11/20/2006 12:00:00 AM,,
N,COMPONENT,,,999-0000,,999-0000,,999-0000,,999-0000,,999-0000,,999-0000,,,,STRAIGHT LINE,0,0,0,TEST,TEST,TEST,999888,0,0,,,N,,,10/25/2007 12:00:00 AM,0,EQUIPMENT MASTER,0,,,0,4104,LUBRITORIUM,4101,LIGHT CAR SHOP,,,FORD,0,MILES,F150,,N,0,OWNED,1,0,,,0,0,,"2,006",,,,,,,,,,,,,,,,,,,
N,ASSET,,IMPOUND/VEHICLES,,,,,,,,,,,,,,,STRAIGHT LINE,0,0,0,0222,,,S98400,0,0,,,N,,01/03/2011 12:00:00 AM,01/03/2011 12:00:00 AM,"205,300",AUTO FUEL,"204,037",,,"204,037",,,,,0001,MSD GALBRAITH,,0,MILES,,,N,0,OWNED,3,0,04/01/2011 12:00:00 AM,,0,0,SO,"1,998",,,,,,,,,,,,,,,,,,,
Y,ASSET,,,205-0100,,205-0100,,205-0100,,205-0100,,205-0100,,205-0100,,,,STRAIGHT LINE,0,221,0,0300,WATER WORKS,CHRYSLER PUMP CENT NON,S41756,"5,000",0,0,0,N,,,02/15/2002 12:00:00 AM,0,OPEN ORDER,"33,652",02/09/2002 12:00:00 AM,02/19/2002 12:00:00 AM,"33,652",3001,WATER WORKS/PROPANE,3001,WATER WORKS/PROPANE,11,WATER WORKS,FIRE PUMP,0,HOURS,500GP,,N,221,OWNED,3,0,02/25/2002 12:00:00 AM,09/14/2002 12:00:00 AM,410,0,SO,"1,946",0,,,,,,,,,,,,,0,0,0,08/29/2000 12:00:00 AM,,
Y,ASSET,,VANS/VARIOUS TYPE,014-0300,,014-0300,,014-0300,,014-0300,,014-0300,,014-0300,,,,STRAIGHT LINE,120,853,0,0300,WATER WORKS,FORD UTILITY TRUCK,S41425,"84,000",0,0,0,N,,,04/16/1996 12:00:00 AM,0,EQUIPMENT MASTER,0,,03/30/2004 12:00:00 AM,0,4104,LUBRITORIUM,4104,LUBRITORIUM,,,FORD,0,MILES,H.P.,05/23/1995 12:00:00 AM,N,853,OWNED,3,0,,,0,0,SO,"1,943",,,,,,,,,,,,,,,,,,,
Y,COMPONENT,,,431-0200,,431-0200,,431-0200,,431-0200,,431-0200,,431-0200,,,,STRAIGHT LINE,0,199,0,0235,,HWY 4-WHEEL TRAILER,S05032,"84,000",0,0,0,N,,,04/15/1996 12:00:00 AM,0,EQUIPMENT MASTER,0,,03/30/2004 12:00:00 AM,0,4110,SPECIALIZED EQUIPMENT,4110,SPECIALIZED EQUIPMENT,,,HWY TRL CO,0,NONE,4WHEEL,,N,199,OWNED,3,0,08/18/1998 12:00:00 AM,11/14/1998 12:00:00 AM,25,0,SO,"1,928",,,,,,,,,,,,,,,,,,,
Y,COMPONENT,,,431-0200,,431-0200,,431-0200,,431-0200,,431-0200,,431-0200,,,,STRAIGHT LINE,0,"1,625",0,0235,,HWY TRAILER 4WHL,D02495,"84,000",0,0,0,N,,,04/15/1996 12:00:00 AM,"26,833",EQUIPMENT MASTER,"4,601",,03/30/2004 12:00:00 AM,"4,601",4110,SPECIALIZED EQUIPMENT,4110,SPECIALIZED EQUIPMENT,,,HWY TRL CO,0,NONE,4WHEEL,,N,"1,625",OWNED,3,0,10/07/1998 12:00:00 AM,,0,0,DE,"1,929",,,,,,,,,,,,,,,,,,,
Y,COMPONENT,,,431-0200,,431-0200,,431-0200,,431-0200,,431-0200,,431-0200,,,,STRAIGHT LINE,0,"1,625",0,0235,,HWY TRAILER 4WHL,S02496,"84,000",0,0,0,N,,,04/15/1996 12:00:00 AM,0,EQUIPMENT MASTER,0,,03/30/2004 12:00:00 AM,0,4110,SPECIALIZED EQUIPMENT,4110,SPECIALIZED EQUIPMENT,,,HWY TRL CO,0,NONE,4WHEEL,,N,"1,625",OWNED,3,0,08/18/1998 12:00:00 AM,10/10/1998 12:00:00 AM,320,0,SO,"1,929",,,,,,,,,,,,,,,,,,,
